[
  {
    "keywords": [
      "направления",
      "специальности",
      "обучение"
    ],
    "answer": "Доступны направления: Экономика, Менеджмент, Юриспруденция, Информатика и другие."
  },
  {
    "keywords": [
      "сроки",
      "документы",
      "прием"
    ],
    "answer": "Подача документов начинается в июне и длится до конца августа. Следите за сроками на сайте СПбУТУиЭ."
  },
  {
    "keywords": [
      "вступительные",
      "экзамены",
      "испытания"
    ],
    "answer": "Вступительные испытания зависят от выбранного направления. Возможны ЕГЭ или внутренние экзамены."
  },
  {
    "keywords": [
      "стоимость",
      "цена",
      "оплата"
    ],
    "answer": "Стоимость обучения зависит от направления. В среднем от 70 до 120 тыс. рублей в год."
  },
  {
    "keywords": [
      "общежитие",
      "жилье",
      "проживание"
    ],
    "answer": "Иногородним студентам предоставляется общежитие. Количество мест ограничено."
  },
  {
    "keywords": [
      "контакты",
      "приемная",
      "связаться"
    ],
    "answer": "📧 priem@spbume.ru\n☎ +7 (812) 740-19-19"
  }
]